[
    {
        "model": "arches_controlled_lists.list",
        "pk": "1c950e16-3fcf-4f33-9e5e-ce5c6c992cca",
        "fields": {
            "name": "Right Types",
            "dynamic": false,
            "search_only": false
        }
    },
    {
        "model": "arches_controlled_lists.list",
        "pk": "2cc0e054-ef9b-41ae-8e86-e0c3b4e7ca00",
        "fields": {
            "name": "Statuteses",
            "dynamic": false,
            "search_only": false
        }
    },
    {
        "model": "arches_controlled_lists.list",
        "pk": "38fc54d4-67ef-4183-8934-66669f1f504c",
        "fields": {
            "name": "Scheme Identifier Types",
            "dynamic": false,
            "search_only": false
        }
    },
    {
        "model": "arches_controlled_lists.list",
        "pk": "42e91d71-7d25-4e43-97df-8b43f46711cf",
        "fields": {
            "name": "broaderTransitive",
            "dynamic": false,
            "search_only": false
        }
    },
    {
        "model": "arches_controlled_lists.list",
        "pk": "4f9b2c82-59c6-4173-99ea-2a6bfbab6aa2",
        "fields": {
            "name": "Term Types",
            "dynamic": false,
            "search_only": false
        }
    },
    {
        "model": "arches_controlled_lists.list",
        "pk": "55ce793b-a51a-4b25-811d-d08ea797f8c3",
        "fields": {
            "name": "Languages",
            "dynamic": false,
            "search_only": false
        }
    },
    {
        "model": "arches_controlled_lists.list",
        "pk": "5f28f263-9d16-4c01-a146-80a97d7119a9",
        "fields": {
            "name": "E55 Type",
            "dynamic": false,
            "search_only": false
        }
    },
    {
        "model": "arches_controlled_lists.list",
        "pk": "6eaa2c6f-af83-464c-9200-051c4cfe7e8e",
        "fields": {
            "name": "Event Types",
            "dynamic": false,
            "search_only": false
        }
    },
    {
        "model": "arches_controlled_lists.list",
        "pk": "769fa072-6247-4e23-b638-4e801f8c50dc",
        "fields": {
            "name": "mappingRelation",
            "dynamic": false,
            "search_only": false
        }
    },
    {
        "model": "arches_controlled_lists.list",
        "pk": "891574cc-47bf-4395-a512-d246cd75c1a1",
        "fields": {
            "name": "Name Types",
            "dynamic": false,
            "search_only": false
        }
    },
    {
        "model": "arches_controlled_lists.list",
        "pk": "8936df69-415c-4f4d-8443-ae8f66309457",
        "fields": {
            "name": "PLACEHOLDER",
            "dynamic": false,
            "search_only": false
        }
    },
    {
        "model": "arches_controlled_lists.list",
        "pk": "8fe1efd6-c90e-4f64-a125-14b2cc4d78e3",
        "fields": {
            "name": "Subject Types",
            "dynamic": false,
            "search_only": false
        }
    },
    {
        "model": "arches_controlled_lists.list",
        "pk": "a8da34eb-575b-498c-ada7-161ee745fd16",
        "fields": {
            "name": "Identifier Types",
            "dynamic": false,
            "search_only": false
        }
    },
    {
        "model": "arches_controlled_lists.list",
        "pk": "aba2a0b4-75a4-45ba-8b57-021f3ca92a6a",
        "fields": {
            "name": "note",
            "dynamic": false,
            "search_only": false
        }
    },
    {
        "model": "arches_controlled_lists.list",
        "pk": "deb847fc-f4c3-4e82-be19-04641579f129",
        "fields": {
            "name": "label",
            "dynamic": false,
            "search_only": false
        }
    },
    {
        "model": "arches_controlled_lists.list",
        "pk": "ed3f8d46-c372-4c99-a326-8f726076fb97",
        "fields": {
            "name": "related",
            "dynamic": false,
            "search_only": false
        }
    },
    {
        "model": "arches_controlled_lists.list",
        "pk": "ef69e772-de53-45fe-98d4-bf3e7b10eb57",
        "fields": {
            "name": "Metatypes",
            "dynamic": false,
            "search_only": false
        }
    },
    {
        "model": "arches_controlled_lists.list",
        "pk": "f028fe8e-5a23-40a7-8ffe-7865ebac9487",
        "fields": {
            "name": "Identifier Types - General",
            "dynamic": false,
            "search_only": false
        }
    },
    {
        "model": "arches_controlled_lists.list",
        "pk": "fb5dd406-33ef-4e83-a6a9-9ea02c1ada17",
        "fields": {
            "name": "Scheme Types",
            "dynamic": false,
            "search_only": false
        }
    },
    {
        "model": "arches_controlled_lists.listitem",
        "pk": "02a0fc69-9f92-4bef-b657-af1ed37c1d3e",
        "fields": {
            "uri": "https://rdm.dev.fargeo.com/plugins/controlled-list-manager/item/02a0fc69-9f92-4bef-b657-af1ed37c1d3e",
            "list": "ef69e772-de53-45fe-98d4-bf3e7b10eb57",
            "sortorder": 0,
            "parent": null,
            "guide": false
        }
    },
    {
        "model": "arches_controlled_lists.listitem",
        "pk": "05967b72-5a51-4da1-90bb-5b53f62ec7ca",
        "fields": {
            "uri": "https://rdm.dev.fargeo.com/plugins/controlled-list-manager/item/05967b72-5a51-4da1-90bb-5b53f62ec7ca",
            "list": "55ce793b-a51a-4b25-811d-d08ea797f8c3",
            "sortorder": 1,
            "parent": null,
            "guide": false
        }
    },
    {
        "model": "arches_controlled_lists.listitem",
        "pk": "05e62a8a-b5c2-437c-b741-4f8176cea0d1",
        "fields": {
            "uri": "http://localhost:8000/plugins/controlled-list-manager/item/05e62a8a-b5c2-437c-b741-4f8176cea0d1",
            "list": "891574cc-47bf-4395-a512-d246cd75c1a1",
            "sortorder": 0,
            "parent": null,
            "guide": false
        }
    },
    {
        "model": "arches_controlled_lists.listitem",
        "pk": "14751cb1-f7af-45d9-b32a-59d150bdac0f",
        "fields": {
            "uri": "https://rdm.dev.fargeo.com/plugins/controlled-list-manager/item/14751cb1-f7af-45d9-b32a-59d150bdac0f",
            "list": "6eaa2c6f-af83-464c-9200-051c4cfe7e8e",
            "sortorder": 0,
            "parent": null,
            "guide": false
        }
    },
    {
        "model": "arches_controlled_lists.listitem",
        "pk": "15386a71-b8d6-4371-9bf7-69efb98c79ed",
        "fields": {
            "uri": "https://rdm.dev.fargeo.com/plugins/controlled-list-manager/item/15386a71-b8d6-4371-9bf7-69efb98c79ed",
            "list": "55ce793b-a51a-4b25-811d-d08ea797f8c3",
            "sortorder": 11,
            "parent": null,
            "guide": false
        }
    },
    {
        "model": "arches_controlled_lists.listitem",
        "pk": "19376b93-4bdc-4d48-a22a-71121506b70b",
        "fields": {
            "uri": "https://rdm.dev.fargeo.com/plugins/controlled-list-manager/item/19376b93-4bdc-4d48-a22a-71121506b70b",
            "list": "deb847fc-f4c3-4e82-be19-04641579f129",
            "sortorder": 0,
            "parent": null,
            "guide": false
        }
    },
    {
        "model": "arches_controlled_lists.listitem",
        "pk": "28855929-b8c5-43ae-8794-ab7497486345",
        "fields": {
            "uri": "https://rdm.dev.fargeo.com/plugins/controlled-list-manager/item/28855929-b8c5-43ae-8794-ab7497486345",
            "list": "55ce793b-a51a-4b25-811d-d08ea797f8c3",
            "sortorder": 13,
            "parent": null,
            "guide": false
        }
    },
    {
        "model": "arches_controlled_lists.listitem",
        "pk": "2e3a2045-b44e-47fc-a27b-3078b17e08e4",
        "fields": {
            "uri": "https://rdm.dev.fargeo.com/plugins/controlled-list-manager/item/2e3a2045-b44e-47fc-a27b-3078b17e08e4",
            "list": "deb847fc-f4c3-4e82-be19-04641579f129",
            "sortorder": 2,
            "parent": null,
            "guide": false
        }
    },
    {
        "model": "arches_controlled_lists.listitem",
        "pk": "31916ec0-f408-473d-9184-667a4d097b9d",
        "fields": {
            "uri": "https://rdm.dev.fargeo.com/plugins/controlled-list-manager/item/31916ec0-f408-473d-9184-667a4d097b9d",
            "list": "ed3f8d46-c372-4c99-a326-8f726076fb97",
            "sortorder": 0,
            "parent": null,
            "guide": false
        }
    },
    {
        "model": "arches_controlled_lists.listitem",
        "pk": "36f1b686-c4ba-4c0e-b4f3-b8b190f3a88d",
        "fields": {
            "uri": "https://rdm.dev.fargeo.com/plugins/controlled-list-manager/item/36f1b686-c4ba-4c0e-b4f3-b8b190f3a88d",
            "list": "5f28f263-9d16-4c01-a146-80a97d7119a9",
            "sortorder": 1,
            "parent": null,
            "guide": false
        }
    },
    {
        "model": "arches_controlled_lists.listitem",
        "pk": "386b1c1a-a9b5-418c-b1d3-6aa518bb7cfb",
        "fields": {
            "uri": "https://rdm.dev.fargeo.com/plugins/controlled-list-manager/item/386b1c1a-a9b5-418c-b1d3-6aa518bb7cfb",
            "list": "55ce793b-a51a-4b25-811d-d08ea797f8c3",
            "sortorder": 7,
            "parent": null,
            "guide": false
        }
    },
    {
        "model": "arches_controlled_lists.listitem",
        "pk": "44bb50fc-42d5-41a0-bc21-4ad8d2f8bf5e",
        "fields": {
            "uri": "https://rdm.dev.fargeo.com/plugins/controlled-list-manager/item/44bb50fc-42d5-41a0-bc21-4ad8d2f8bf5e",
            "list": "aba2a0b4-75a4-45ba-8b57-021f3ca92a6a",
            "sortorder": 0,
            "parent": null,
            "guide": false
        }
    },
    {
        "model": "arches_controlled_lists.listitem",
        "pk": "45fab276-7818-4c83-8dd8-43e4e862904c",
        "fields": {
            "uri": "https://rdm.dev.fargeo.com/plugins/controlled-list-manager/item/45fab276-7818-4c83-8dd8-43e4e862904c",
            "list": "4f9b2c82-59c6-4173-99ea-2a6bfbab6aa2",
            "sortorder": 1,
            "parent": null,
            "guide": false
        }
    },
    {
        "model": "arches_controlled_lists.listitem",
        "pk": "4810df79-8bdd-4102-a067-fdb11dcff8b7",
        "fields": {
            "uri": "https://rdm.dev.fargeo.com/plugins/controlled-list-manager/item/4810df79-8bdd-4102-a067-fdb11dcff8b7",
            "list": "42e91d71-7d25-4e43-97df-8b43f46711cf",
            "sortorder": 0,
            "parent": null,
            "guide": false
        }
    },
    {
        "model": "arches_controlled_lists.listitem",
        "pk": "52eb8678-485d-418c-9ad2-aa97d077ac56",
        "fields": {
            "uri": "https://rdm.dev.fargeo.com/plugins/controlled-list-manager/item/52eb8678-485d-418c-9ad2-aa97d077ac56",
            "list": "aba2a0b4-75a4-45ba-8b57-021f3ca92a6a",
            "sortorder": 7,
            "parent": "44bb50fc-42d5-41a0-bc21-4ad8d2f8bf5e",
            "guide": false
        }
    },
    {
        "model": "arches_controlled_lists.listitem",
        "pk": "58695100-659c-48df-8c87-fa565dfef39e",
        "fields": {
            "uri": "https://rdm.dev.fargeo.com/plugins/controlled-list-manager/item/58695100-659c-48df-8c87-fa565dfef39e",
            "list": "55ce793b-a51a-4b25-811d-d08ea797f8c3",
            "sortorder": 0,
            "parent": null,
            "guide": false
        }
    },
    {
        "model": "arches_controlled_lists.listitem",
        "pk": "5b633cd0-e407-4dce-9f7c-5657ae57408f",
        "fields": {
            "uri": "https://rdm.dev.fargeo.com/plugins/controlled-list-manager/item/5b633cd0-e407-4dce-9f7c-5657ae57408f",
            "list": "55ce793b-a51a-4b25-811d-d08ea797f8c3",
            "sortorder": 12,
            "parent": null,
            "guide": false
        }
    },
    {
        "model": "arches_controlled_lists.listitem",
        "pk": "5ca7196a-2e9a-449c-b6fe-8ed42f604cba",
        "fields": {
            "uri": "https://rdm.dev.fargeo.com/plugins/controlled-list-manager/item/68792506-7b45-4008-9a12-15d63ea18f29",
            "list": "769fa072-6247-4e23-b638-4e801f8c50dc",
            "sortorder": 3,
            "parent": null,
            "guide": false
        }
    },
    {
        "model": "arches_controlled_lists.listitem",
        "pk": "67fff0cd-eae0-40bb-b58e-798150dae54a",
        "fields": {
            "uri": "https://rdm.dev.fargeo.com/plugins/controlled-list-manager/item/67fff0cd-eae0-40bb-b58e-798150dae54a",
            "list": "aba2a0b4-75a4-45ba-8b57-021f3ca92a6a",
            "sortorder": 3,
            "parent": "44bb50fc-42d5-41a0-bc21-4ad8d2f8bf5e",
            "guide": false
        }
    },
    {
        "model": "arches_controlled_lists.listitem",
        "pk": "68792506-7b45-4008-9a12-15d63ea18f29",
        "fields": {
            "uri": "https://rdm.dev.fargeo.com/plugins/controlled-list-manager/item/68792506-7b45-4008-9a12-15d63ea18f29",
            "list": "ed3f8d46-c372-4c99-a326-8f726076fb97",
            "sortorder": 1,
            "parent": "31916ec0-f408-473d-9184-667a4d097b9d",
            "guide": false
        }
    },
    {
        "model": "arches_controlled_lists.listitem",
        "pk": "6abe2747-f53f-40d9-857a-3c027ccf2f79",
        "fields": {
            "uri": "https://rdm.dev.fargeo.com/plugins/controlled-list-manager/item/6abe2747-f53f-40d9-857a-3c027ccf2f79",
            "list": "5f28f263-9d16-4c01-a146-80a97d7119a9",
            "sortorder": 3,
            "parent": null,
            "guide": false
        }
    },
    {
        "model": "arches_controlled_lists.listitem",
        "pk": "710a5dbf-c445-40bf-b431-cc7f6802be32",
        "fields": {
            "uri": "https://rdm.dev.fargeo.com/plugins/controlled-list-manager/item/710a5dbf-c445-40bf-b431-cc7f6802be32",
            "list": "4f9b2c82-59c6-4173-99ea-2a6bfbab6aa2",
            "sortorder": 2,
            "parent": null,
            "guide": false
        }
    },
    {
        "model": "arches_controlled_lists.listitem",
        "pk": "713f38ea-b13c-4ea2-b7bb-35ec255bdf12",
        "fields": {
            "uri": "https://rdm.dev.fargeo.com/plugins/controlled-list-manager/item/713f38ea-b13c-4ea2-b7bb-35ec255bdf12",
            "list": "aba2a0b4-75a4-45ba-8b57-021f3ca92a6a",
            "sortorder": 1,
            "parent": "44bb50fc-42d5-41a0-bc21-4ad8d2f8bf5e",
            "guide": false
        }
    },
    {
        "model": "arches_controlled_lists.listitem",
        "pk": "774994db-54d3-4793-baa1-2810410be8d0",
        "fields": {
            "uri": "https://rdm.dev.fargeo.com/plugins/controlled-list-manager/item/774994db-54d3-4793-baa1-2810410be8d0",
            "list": "8fe1efd6-c90e-4f64-a125-14b2cc4d78e3",
            "sortorder": 0,
            "parent": null,
            "guide": false
        }
    },
    {
        "model": "arches_controlled_lists.listitem",
        "pk": "7b873aed-1dbd-45e4-98e7-85143ee453c6",
        "fields": {
            "uri": "https://rdm.dev.fargeo.com/plugins/controlled-list-manager/item/7b873aed-1dbd-45e4-98e7-85143ee453c6",
            "list": "ef69e772-de53-45fe-98d4-bf3e7b10eb57",
            "sortorder": 2,
            "parent": null,
            "guide": false
        }
    },
    {
        "model": "arches_controlled_lists.listitem",
        "pk": "845cc417-ef77-4582-9271-ffba5e4cabc9",
        "fields": {
            "uri": "https://rdm.dev.fargeo.com/plugins/controlled-list-manager/item/845cc417-ef77-4582-9271-ffba5e4cabc9",
            "list": "55ce793b-a51a-4b25-811d-d08ea797f8c3",
            "sortorder": 4,
            "parent": null,
            "guide": false
        }
    },
    {
        "model": "arches_controlled_lists.listitem",
        "pk": "854e54ba-8a9e-4b7d-87ed-ce80e54506a4",
        "fields": {
            "uri": "https://rdm.dev.fargeo.com/plugins/controlled-list-manager/item/854e54ba-8a9e-4b7d-87ed-ce80e54506a4",
            "list": "aba2a0b4-75a4-45ba-8b57-021f3ca92a6a",
            "sortorder": 2,
            "parent": "44bb50fc-42d5-41a0-bc21-4ad8d2f8bf5e",
            "guide": false
        }
    },
    {
        "model": "arches_controlled_lists.listitem",
        "pk": "8cba0ddc-94d0-4b06-baff-f3d5a21d6b3c",
        "fields": {
            "uri": "https://rdm.dev.fargeo.com/plugins/controlled-list-manager/item/8cba0ddc-94d0-4b06-baff-f3d5a21d6b3c",
            "list": "55ce793b-a51a-4b25-811d-d08ea797f8c3",
            "sortorder": 5,
            "parent": null,
            "guide": false
        }
    },
    {
        "model": "arches_controlled_lists.listitem",
        "pk": "926aa6de-a7e6-4959-9fc4-5ea87c46d677",
        "fields": {
            "uri": "https://rdm.dev.fargeo.com/plugins/controlled-list-manager/item/926aa6de-a7e6-4959-9fc4-5ea87c46d677",
            "list": "a8da34eb-575b-498c-ada7-161ee745fd16",
            "sortorder": 3,
            "parent": null,
            "guide": false
        }
    },
    {
        "model": "arches_controlled_lists.listitem",
        "pk": "929bfdbf-a592-4f70-bd8b-9c11deb6bff9",
        "fields": {
            "uri": "https://rdm.dev.fargeo.com/plugins/controlled-list-manager/item/929bfdbf-a592-4f70-bd8b-9c11deb6bff9",
            "list": "fb5dd406-33ef-4e83-a6a9-9ea02c1ada17",
            "sortorder": 0,
            "parent": null,
            "guide": false
        }
    },
    {
        "model": "arches_controlled_lists.listitem",
        "pk": "970f7714-2df3-4c56-b248-9f1d022ab28c",
        "fields": {
            "uri": "https://rdm.dev.fargeo.com/plugins/controlled-list-manager/item/970f7714-2df3-4c56-b248-9f1d022ab28c",
            "list": "aba2a0b4-75a4-45ba-8b57-021f3ca92a6a",
            "sortorder": 6,
            "parent": "44bb50fc-42d5-41a0-bc21-4ad8d2f8bf5e",
            "guide": false
        }
    },
    {
        "model": "arches_controlled_lists.listitem",
        "pk": "97f89729-35ed-4780-aeea-d487717ffb65",
        "fields": {
            "uri": "https://rdm.dev.fargeo.com/plugins/controlled-list-manager/item/97f89729-35ed-4780-aeea-d487717ffb65",
            "list": "55ce793b-a51a-4b25-811d-d08ea797f8c3",
            "sortorder": 2,
            "parent": null,
            "guide": false
        }
    },
    {
        "model": "arches_controlled_lists.listitem",
        "pk": "989ca6d8-2376-45c1-af07-3689d41e5602",
        "fields": {
            "uri": "https://rdm.dev.fargeo.com/plugins/controlled-list-manager/item/989ca6d8-2376-45c1-af07-3689d41e5602",
            "list": "55ce793b-a51a-4b25-811d-d08ea797f8c3",
            "sortorder": 6,
            "parent": null,
            "guide": false
        }
    },
    {
        "model": "arches_controlled_lists.listitem",
        "pk": "9baf3cd5-33d4-4fbc-b1d1-a2d218732f1e",
        "fields": {
            "uri": "https://rdm.dev.fargeo.com/plugins/controlled-list-manager/item/9baf3cd5-33d4-4fbc-b1d1-a2d218732f1e",
            "list": "38fc54d4-67ef-4183-8934-66669f1f504c",
            "sortorder": 0,
            "parent": null,
            "guide": false
        }
    },
    {
        "model": "arches_controlled_lists.listitem",
        "pk": "9c93be63-b900-4f63-b0cf-7351e5129508",
        "fields": {
            "uri": "https://rdm.dev.fargeo.com/plugins/controlled-list-manager/item/9c93be63-b900-4f63-b0cf-7351e5129508",
            "list": "ef69e772-de53-45fe-98d4-bf3e7b10eb57",
            "sortorder": 1,
            "parent": null,
            "guide": false
        }
    },
    {
        "model": "arches_controlled_lists.listitem",
        "pk": "a6795899-3874-420e-bb8e-7f7bf87b66eb",
        "fields": {
            "uri": "https://rdm.dev.fargeo.com/plugins/controlled-list-manager/item/a6795899-3874-420e-bb8e-7f7bf87b66eb",
            "list": "55ce793b-a51a-4b25-811d-d08ea797f8c3",
            "sortorder": 9,
            "parent": null,
            "guide": false
        }
    },
    {
        "model": "arches_controlled_lists.listitem",
        "pk": "b3ffe5b4-21ba-4568-aec0-e6e0bd669c38",
        "fields": {
            "uri": "https://rdm.dev.fargeo.com/plugins/controlled-list-manager/item/b3ffe5b4-21ba-4568-aec0-e6e0bd669c38",
            "list": "769fa072-6247-4e23-b638-4e801f8c50dc",
            "sortorder": 0,
            "parent": null,
            "guide": false
        }
    },
    {
        "model": "arches_controlled_lists.listitem",
        "pk": "b655c9b3-53f5-4d8a-a7e5-6751b4fc1d2c",
        "fields": {
            "uri": "https://rdm.dev.fargeo.com/plugins/controlled-list-manager/item/b655c9b3-53f5-4d8a-a7e5-6751b4fc1d2c",
            "list": "4f9b2c82-59c6-4173-99ea-2a6bfbab6aa2",
            "sortorder": 0,
            "parent": null,
            "guide": false
        }
    },
    {
        "model": "arches_controlled_lists.listitem",
        "pk": "bb125622-0256-4f28-902f-7c273d353bc9",
        "fields": {
            "uri": "https://rdm.dev.fargeo.com/plugins/controlled-list-manager/item/bb125622-0256-4f28-902f-7c273d353bc9",
            "list": "769fa072-6247-4e23-b638-4e801f8c50dc",
            "sortorder": 2,
            "parent": null,
            "guide": false
        }
    },
    {
        "model": "arches_controlled_lists.listitem",
        "pk": "bc6ce063-7ad5-4b92-8685-000bfe27ebf2",
        "fields": {
            "uri": "http://localhost:8000/plugins/controlled-list-manager/item/bc6ce063-7ad5-4b92-8685-000bfe27ebf2",
            "list": "891574cc-47bf-4395-a512-d246cd75c1a1",
            "sortorder": 1,
            "parent": null,
            "guide": false
        }
    },
    {
        "model": "arches_controlled_lists.listitem",
        "pk": "bffe467f-5d22-4b3c-a6c7-9766165271b3",
        "fields": {
            "uri": "https://rdm.dev.fargeo.com/plugins/controlled-list-manager/item/bffe467f-5d22-4b3c-a6c7-9766165271b3",
            "list": "5f28f263-9d16-4c01-a146-80a97d7119a9",
            "sortorder": 0,
            "parent": null,
            "guide": false
        }
    },
    {
        "model": "arches_controlled_lists.listitem",
        "pk": "c047ea56-465a-479c-b85c-8de23766384a",
        "fields": {
            "uri": "https://rdm.dev.fargeo.com/plugins/controlled-list-manager/item/c047ea56-465a-479c-b85c-8de23766384a",
            "list": "2cc0e054-ef9b-41ae-8e86-e0c3b4e7ca00",
            "sortorder": 1,
            "parent": null,
            "guide": false
        }
    },
    {
        "model": "arches_controlled_lists.listitem",
        "pk": "c0fe6a60-ee6e-4738-a58b-74f8973c07b8",
        "fields": {
            "uri": "https://rdm.dev.fargeo.com/plugins/controlled-list-manager/item/c0fe6a60-ee6e-4738-a58b-74f8973c07b8",
            "list": "55ce793b-a51a-4b25-811d-d08ea797f8c3",
            "sortorder": 10,
            "parent": null,
            "guide": false
        }
    },
    {
        "model": "arches_controlled_lists.listitem",
        "pk": "c1d8c87d-183c-4c46-aa6f-7920825cba5e",
        "fields": {
            "uri": "https://rdm.dev.fargeo.com/plugins/controlled-list-manager/item/c1d8c87d-183c-4c46-aa6f-7920825cba5e",
            "list": "2cc0e054-ef9b-41ae-8e86-e0c3b4e7ca00",
            "sortorder": 0,
            "parent": null,
            "guide": false
        }
    },
    {
        "model": "arches_controlled_lists.listitem",
        "pk": "cce4ce1c-0e47-453e-8a12-3e23c3dbb472",
        "fields": {
            "uri": "https://rdm.dev.fargeo.com/plugins/controlled-list-manager/item/cce4ce1c-0e47-453e-8a12-3e23c3dbb472",
            "list": "769fa072-6247-4e23-b638-4e801f8c50dc",
            "sortorder": 4,
            "parent": "ed044298-b4a1-4455-b11a-81561fbf2fd8",
            "guide": false
        }
    },
    {
        "model": "arches_controlled_lists.listitem",
        "pk": "d1012561-bd8f-4498-b7b1-fea78cb73afa",
        "fields": {
            "uri": "https://rdm.dev.fargeo.com/plugins/controlled-list-manager/item/d1012561-bd8f-4498-b7b1-fea78cb73afa",
            "list": "4f9b2c82-59c6-4173-99ea-2a6bfbab6aa2",
            "sortorder": 3,
            "parent": null,
            "guide": false
        }
    },
    {
        "model": "arches_controlled_lists.listitem",
        "pk": "d1544a63-b04e-4ec6-b6b1-256cd70c4954",
        "fields": {
            "uri": "https://rdm.dev.fargeo.com/plugins/controlled-list-manager/item/d1544a63-b04e-4ec6-b6b1-256cd70c4954",
            "list": "8fe1efd6-c90e-4f64-a125-14b2cc4d78e3",
            "sortorder": 1,
            "parent": null,
            "guide": false
        }
    },
    {
        "model": "arches_controlled_lists.listitem",
        "pk": "d7723ec7-a527-4a39-9ef5-cea3f99a7455",
        "fields": {
            "uri": "https://rdm.dev.fargeo.com/plugins/controlled-list-manager/item/b3ffe5b4-21ba-4568-aec0-e6e0bd669c38",
            "list": "42e91d71-7d25-4e43-97df-8b43f46711cf",
            "sortorder": 1,
            "parent": "4810df79-8bdd-4102-a067-fdb11dcff8b7",
            "guide": false
        }
    },
    {
        "model": "arches_controlled_lists.listitem",
        "pk": "d8ba08f9-b265-4288-9412-857c77fe2581",
        "fields": {
            "uri": "https://rdm.dev.fargeo.com/plugins/controlled-list-manager/item/9baf3cd5-33d4-4fbc-b1d1-a2d218732f1e",
            "list": "a8da34eb-575b-498c-ada7-161ee745fd16",
            "sortorder": 0,
            "parent": null,
            "guide": false
        }
    },
    {
        "model": "arches_controlled_lists.listitem",
        "pk": "d98bfcab-fa26-4c8b-992d-a56eb7bbbaa2",
        "fields": {
            "uri": "https://rdm.dev.fargeo.com/plugins/controlled-list-manager/item/d98bfcab-fa26-4c8b-992d-a56eb7bbbaa2",
            "list": "a8da34eb-575b-498c-ada7-161ee745fd16",
            "sortorder": 2,
            "parent": null,
            "guide": false
        }
    },
    {
        "model": "arches_controlled_lists.listitem",
        "pk": "db222348-5dbc-4647-b649-52e0ae6df99a",
        "fields": {
            "uri": "https://rdm.dev.fargeo.com/plugins/controlled-list-manager/item/db222348-5dbc-4647-b649-52e0ae6df99a",
            "list": "aba2a0b4-75a4-45ba-8b57-021f3ca92a6a",
            "sortorder": 4,
            "parent": "44bb50fc-42d5-41a0-bc21-4ad8d2f8bf5e",
            "guide": false
        }
    },
    {
        "model": "arches_controlled_lists.listitem",
        "pk": "dd9186a8-a591-4f40-914c-1f476e60f552",
        "fields": {
            "uri": "https://rdm.dev.fargeo.com/plugins/controlled-list-manager/item/dd9186a8-a591-4f40-914c-1f476e60f552",
            "list": "aba2a0b4-75a4-45ba-8b57-021f3ca92a6a",
            "sortorder": 5,
            "parent": "44bb50fc-42d5-41a0-bc21-4ad8d2f8bf5e",
            "guide": false
        }
    },
    {
        "model": "arches_controlled_lists.listitem",
        "pk": "de263fe8-5ebd-4d6c-a7c7-8068598ba962",
        "fields": {
            "uri": "https://rdm.dev.fargeo.com/plugins/controlled-list-manager/item/de263fe8-5ebd-4d6c-a7c7-8068598ba962",
            "list": "a8da34eb-575b-498c-ada7-161ee745fd16",
            "sortorder": 1,
            "parent": null,
            "guide": false
        }
    },
    {
        "model": "arches_controlled_lists.listitem",
        "pk": "df24d257-b547-4733-ae89-dfffa3597683",
        "fields": {
            "uri": "https://rdm.dev.fargeo.com/plugins/controlled-list-manager/item/df24d257-b547-4733-ae89-dfffa3597683",
            "list": "deb847fc-f4c3-4e82-be19-04641579f129",
            "sortorder": 1,
            "parent": null,
            "guide": false
        }
    },
    {
        "model": "arches_controlled_lists.listitem",
        "pk": "e66bfcd6-cf68-4564-bcc1-ed0a36cfcf4f",
        "fields": {
            "uri": "https://rdm.dev.fargeo.com/plugins/controlled-list-manager/item/e66bfcd6-cf68-4564-bcc1-ed0a36cfcf4f",
            "list": "55ce793b-a51a-4b25-811d-d08ea797f8c3",
            "sortorder": 3,
            "parent": null,
            "guide": false
        }
    },
    {
        "model": "arches_controlled_lists.listitem",
        "pk": "e69de7f4-a03b-4806-95bd-e83041fa5440",
        "fields": {
            "uri": "https://rdm.dev.fargeo.com/plugins/controlled-list-manager/item/e69de7f4-a03b-4806-95bd-e83041fa5440",
            "list": "55ce793b-a51a-4b25-811d-d08ea797f8c3",
            "sortorder": 8,
            "parent": null,
            "guide": false
        }
    },
    {
        "model": "arches_controlled_lists.listitem",
        "pk": "ed044298-b4a1-4455-b11a-81561fbf2fd8",
        "fields": {
            "uri": "https://rdm.dev.fargeo.com/plugins/controlled-list-manager/item/ed044298-b4a1-4455-b11a-81561fbf2fd8",
            "list": "769fa072-6247-4e23-b638-4e801f8c50dc",
            "sortorder": 1,
            "parent": null,
            "guide": false
        }
    },
    {
        "model": "arches_controlled_lists.listitem",
        "pk": "fd263a79-e808-49a0-a0da-b663978e4e68",
        "fields": {
            "uri": "https://rdm.dev.fargeo.com/plugins/controlled-list-manager/item/fd263a79-e808-49a0-a0da-b663978e4e68",
            "list": "5f28f263-9d16-4c01-a146-80a97d7119a9",
            "sortorder": 2,
            "parent": null,
            "guide": false
        }
    },
    {
        "model": "arches_controlled_lists.listitem",
        "pk": "fe814127-d68f-43ed-beb9-67a8d4d6336e",
        "fields": {
            "uri": "http://localhost:8000/plugins/controlled-list-manager/item/fe814127-d68f-43ed-beb9-67a8d4d6336e",
            "list": "f028fe8e-5a23-40a7-8ffe-7865ebac9487",
            "sortorder": 0,
            "parent": null,
            "guide": false
        }
    },
    {
        "model": "arches_controlled_lists.listitemvalue",
        "pk": "026cc253-fd50-4378-9aac-588d9d320f15",
        "fields": {
            "list_item": "854e54ba-8a9e-4b7d-87ed-ce80e54506a4",
            "valuetype": "prefLabel",
            "language": "en",
            "value": "definition"
        }
    },
    {
        "model": "arches_controlled_lists.listitemvalue",
        "pk": "07cda21f-8ded-4966-b524-aa7bce669397",
        "fields": {
            "list_item": "15386a71-b8d6-4371-9bf7-69efb98c79ed",
            "valuetype": "scopeNote",
            "language": "en",
            "value": "Russian"
        }
    },
    {
        "model": "arches_controlled_lists.listitemvalue",
        "pk": "090356cc-1be3-4a24-bdad-676d719aea8c",
        "fields": {
            "list_item": "67fff0cd-eae0-40bb-b58e-798150dae54a",
            "valuetype": "prefLabel",
            "language": "en",
            "value": "description"
        }
    },
    {
        "model": "arches_controlled_lists.listitemvalue",
        "pk": "0a3569ba-32d9-4613-bdb2-5f1da5b81a49",
        "fields": {
            "list_item": "989ca6d8-2376-45c1-af07-3689d41e5602",
            "valuetype": "scopeNote",
            "language": "en",
            "value": "English"
        }
    },
    {
        "model": "arches_controlled_lists.listitemvalue",
        "pk": "0a544fb2-1d9a-4fcd-980a-f60053fd0478",
        "fields": {
            "list_item": "d1544a63-b04e-4ec6-b6b1-256cd70c4954",
            "valuetype": "prefLabel",
            "language": "en",
            "value": "art"
        }
    },
    {
        "model": "arches_controlled_lists.listitemvalue",
        "pk": "0e7810aa-75b8-4fa1-9f6a-611a8b4c58c8",
        "fields": {
            "list_item": "97f89729-35ed-4780-aeea-d487717ffb65",
            "valuetype": "prefLabel",
            "language": "en",
            "value": "de"
        }
    },
    {
        "model": "arches_controlled_lists.listitemvalue",
        "pk": "0fbbba54-8ff7-4094-8497-be8c8600f86b",
        "fields": {
            "list_item": "bb125622-0256-4f28-902f-7c273d353bc9",
            "valuetype": "prefLabel",
            "language": "en",
            "value": "narrowMatch"
        }
    },
    {
        "model": "arches_controlled_lists.listitemvalue",
        "pk": "14b0059a-d56b-4184-9fb7-00620d7df6b3",
        "fields": {
            "list_item": "bc6ce063-7ad5-4b92-8685-000bfe27ebf2",
            "valuetype": "prefLabel",
            "language": "en",
            "value": "preferred terms"
        }
    },
    {
        "model": "arches_controlled_lists.listitemvalue",
        "pk": "18c46580-8c3c-48b7-9a6c-a0643708cb8b",
        "fields": {
            "list_item": "df24d257-b547-4733-ae89-dfffa3597683",
            "valuetype": "prefLabel",
            "language": "en",
            "value": "hiddenLabel"
        }
    },
    {
        "model": "arches_controlled_lists.listitemvalue",
        "pk": "19b88d0c-4607-401b-b5ee-6312832d0e0c",
        "fields": {
            "list_item": "de263fe8-5ebd-4d6c-a7c7-8068598ba962",
            "valuetype": "prefLabel",
            "language": "en",
            "value": "namespace"
        }
    },
    {
        "model": "arches_controlled_lists.listitemvalue",
        "pk": "1cea8e22-2bc3-43aa-abfd-0d04719d99d1",
        "fields": {
            "list_item": "9c93be63-b900-4f63-b0cf-7351e5129508",
            "valuetype": "prefLabel",
            "language": "en",
            "value": "classification"
        }
    },
    {
        "model": "arches_controlled_lists.listitemvalue",
        "pk": "1e8c2e9f-ce80-433b-aada-e410aa8a9bcd",
        "fields": {
            "list_item": "05e62a8a-b5c2-437c-b741-4f8176cea0d1",
            "valuetype": "prefLabel",
            "language": "en",
            "value": "nonpreferred terms"
        }
    },
    {
        "model": "arches_controlled_lists.listitemvalue",
        "pk": "2335c03b-a320-4f1f-ad55-20b873dce17f",
        "fields": {
            "list_item": "97f89729-35ed-4780-aeea-d487717ffb65",
            "valuetype": "scopeNote",
            "language": "en",
            "value": "German"
        }
    },
    {
        "model": "arches_controlled_lists.listitemvalue",
        "pk": "24559510-c6c6-4558-b411-7cd127642657",
        "fields": {
            "list_item": "14751cb1-f7af-45d9-b32a-59d150bdac0f",
            "valuetype": "prefLabel",
            "language": "en",
            "value": "warrant assertion event"
        }
    },
    {
        "model": "arches_controlled_lists.listitemvalue",
        "pk": "254c78d5-ff58-496f-8790-bf1f7179f793",
        "fields": {
            "list_item": "fe814127-d68f-43ed-beb9-67a8d4d6336e",
            "valuetype": "prefLabel",
            "language": "en",
            "value": "system identifier"
        }
    },
    {
        "model": "arches_controlled_lists.listitemvalue",
        "pk": "29edb380-f22c-4e89-a61d-f62586b8e201",
        "fields": {
            "list_item": "e66bfcd6-cf68-4564-bcc1-ed0a36cfcf4f",
            "valuetype": "prefLabel",
            "language": "en",
            "value": "el"
        }
    },
    {
        "model": "arches_controlled_lists.listitemvalue",
        "pk": "2d9a3c97-3b5d-44bc-8ba1-7b1689b8b4d3",
        "fields": {
            "list_item": "c1d8c87d-183c-4c46-aa6f-7920825cba5e",
            "valuetype": "prefLabel",
            "language": "en",
            "value": "current"
        }
    },
    {
        "model": "arches_controlled_lists.listitemvalue",
        "pk": "30fc081c-8f11-45dd-9da8-14040f46c781",
        "fields": {
            "list_item": "845cc417-ef77-4582-9271-ffba5e4cabc9",
            "valuetype": "scopeNote",
            "language": "en",
            "value": "English"
        }
    },
    {
        "model": "arches_controlled_lists.listitemvalue",
        "pk": "357148be-831e-43cd-a66b-ecccbc17d151",
        "fields": {
            "list_item": "5b633cd0-e407-4dce-9f7c-5657ae57408f",
            "valuetype": "prefLabel",
            "language": "en",
            "value": "spanish"
        }
    },
    {
        "model": "arches_controlled_lists.listitemvalue",
        "pk": "360ecc24-19e2-4bc6-993c-cfd1cd4e2d3f",
        "fields": {
            "list_item": "c0fe6a60-ee6e-4738-a58b-74f8973c07b8",
            "valuetype": "scopeNote",
            "language": "en",
            "value": "Portuguese"
        }
    },
    {
        "model": "arches_controlled_lists.listitemvalue",
        "pk": "3b2d251c-b557-47c2-a9e9-e12243691cb1",
        "fields": {
            "list_item": "e66bfcd6-cf68-4564-bcc1-ed0a36cfcf4f",
            "valuetype": "scopeNote",
            "language": "en",
            "value": "Greek"
        }
    },
    {
        "model": "arches_controlled_lists.listitemvalue",
        "pk": "3d8042a9-832a-48fe-9527-c85c866107e3",
        "fields": {
            "list_item": "713f38ea-b13c-4ea2-b7bb-35ec255bdf12",
            "valuetype": "prefLabel",
            "language": "en",
            "value": "changeNote"
        }
    },
    {
        "model": "arches_controlled_lists.listitemvalue",
        "pk": "42042a63-4e89-427d-b635-86312a5cbd50",
        "fields": {
            "list_item": "8cba0ddc-94d0-4b06-baff-f3d5a21d6b3c",
            "valuetype": "scopeNote",
            "language": "en",
            "value": "English"
        }
    },
    {
        "model": "arches_controlled_lists.listitemvalue",
        "pk": "4b82ab33-b79e-4de7-9d7c-3e051753620c",
        "fields": {
            "list_item": "e69de7f4-a03b-4806-95bd-e83041fa5440",
            "valuetype": "scopeNote",
            "language": "en",
            "value": "French"
        }
    },
    {
        "model": "arches_controlled_lists.listitemvalue",
        "pk": "4f8699ea-aca7-4e84-9243-f6c9158f7c11",
        "fields": {
            "list_item": "52eb8678-485d-418c-9ad2-aa97d077ac56",
            "valuetype": "prefLabel",
            "language": "en",
            "value": "scopeNote"
        }
    },
    {
        "model": "arches_controlled_lists.listitemvalue",
        "pk": "50c059b4-10a1-47e6-a578-2c5538ef717d",
        "fields": {
            "list_item": "31916ec0-f408-473d-9184-667a4d097b9d",
            "valuetype": "prefLabel",
            "language": "en",
            "value": "related"
        }
    },
    {
        "model": "arches_controlled_lists.listitemvalue",
        "pk": "51ccf153-fa7b-4b22-8d0d-d1a57a6c84c2",
        "fields": {
            "list_item": "02a0fc69-9f92-4bef-b657-af1ed37c1d3e",
            "valuetype": "prefLabel",
            "language": "en",
            "value": "brief texts"
        }
    },
    {
        "model": "arches_controlled_lists.listitemvalue",
        "pk": "5b3e455d-8d74-4227-9bd8-62133eefaf5f",
        "fields": {
            "list_item": "cce4ce1c-0e47-453e-8a12-3e23c3dbb472",
            "valuetype": "prefLabel",
            "language": "en",
            "value": "exactMatch"
        }
    },
    {
        "model": "arches_controlled_lists.listitemvalue",
        "pk": "6299d5f0-a706-4cb2-a75d-e95227e03b75",
        "fields": {
            "list_item": "970f7714-2df3-4c56-b248-9f1d022ab28c",
            "valuetype": "prefLabel",
            "language": "en",
            "value": "historyNote"
        }
    },
    {
        "model": "arches_controlled_lists.listitemvalue",
        "pk": "645d1e2d-8f12-401e-a642-447d2534c443",
        "fields": {
            "list_item": "d7723ec7-a527-4a39-9ef5-cea3f99a7455",
            "valuetype": "prefLabel",
            "language": "en",
            "value": "broadMatch"
        }
    },
    {
        "model": "arches_controlled_lists.listitemvalue",
        "pk": "654f924a-41bd-4871-a78e-be1b8de0bf5d",
        "fields": {
            "list_item": "28855929-b8c5-43ae-8794-ab7497486345",
            "valuetype": "prefLabel",
            "language": "en",
            "value": "zh"
        }
    },
    {
        "model": "arches_controlled_lists.listitemvalue",
        "pk": "6ac8e471-476e-4fd0-b276-86e01a17bcc8",
        "fields": {
            "list_item": "2e3a2045-b44e-47fc-a27b-3078b17e08e4",
            "valuetype": "prefLabel",
            "language": "en",
            "value": "prefLabel"
        }
    },
    {
        "model": "arches_controlled_lists.listitemvalue",
        "pk": "727dc5e5-fac6-4347-8d38-7b868365714f",
        "fields": {
            "list_item": "989ca6d8-2376-45c1-af07-3689d41e5602",
            "valuetype": "prefLabel",
            "language": "en",
            "value": "en-US"
        }
    },
    {
        "model": "arches_controlled_lists.listitemvalue",
        "pk": "72b0f4ab-c97d-4c08-afca-27ff20ec0d01",
        "fields": {
            "list_item": "44bb50fc-42d5-41a0-bc21-4ad8d2f8bf5e",
            "valuetype": "prefLabel",
            "language": "en",
            "value": "note"
        }
    },
    {
        "model": "arches_controlled_lists.listitemvalue",
        "pk": "76f71e8e-9eb6-4bd9-84f4-f4f031c056e1",
        "fields": {
            "list_item": "05967b72-5a51-4da1-90bb-5b53f62ec7ca",
            "valuetype": "prefLabel",
            "language": "en",
            "value": "chinese"
        }
    },
    {
        "model": "arches_controlled_lists.listitemvalue",
        "pk": "7eb80bbb-7def-4496-99f9-59d7deae064e",
        "fields": {
            "list_item": "c0fe6a60-ee6e-4738-a58b-74f8973c07b8",
            "valuetype": "prefLabel",
            "language": "en",
            "value": "pt"
        }
    },
    {
        "model": "arches_controlled_lists.listitemvalue",
        "pk": "7f18f8f8-f1ab-46a1-93ca-55370f66fe93",
        "fields": {
            "list_item": "929bfdbf-a592-4f70-bd8b-9c11deb6bff9",
            "valuetype": "prefLabel",
            "language": "en",
            "value": "controlled vocabularies"
        }
    },
    {
        "model": "arches_controlled_lists.listitemvalue",
        "pk": "83e1ad0c-980c-4c5d-83bf-39796ca6451b",
        "fields": {
            "list_item": "b3ffe5b4-21ba-4568-aec0-e6e0bd669c38",
            "valuetype": "prefLabel",
            "language": "en",
            "value": "broadMatch"
        }
    },
    {
        "model": "arches_controlled_lists.listitemvalue",
        "pk": "840ff5a8-46ca-4d08-9c08-4033e65015cb",
        "fields": {
            "list_item": "15386a71-b8d6-4371-9bf7-69efb98c79ed",
            "valuetype": "prefLabel",
            "language": "en",
            "value": "ru"
        }
    },
    {
        "model": "arches_controlled_lists.listitemvalue",
        "pk": "847d6a0c-9697-497c-9b34-743a47ce3697",
        "fields": {
            "list_item": "8cba0ddc-94d0-4b06-baff-f3d5a21d6b3c",
            "valuetype": "prefLabel",
            "language": "en",
            "value": "en-us"
        }
    },
    {
        "model": "arches_controlled_lists.listitemvalue",
        "pk": "8b1e6273-c06b-453e-bc04-3eab6585192d",
        "fields": {
            "list_item": "b655c9b3-53f5-4d8a-a7e5-6751b4fc1d2c",
            "valuetype": "prefLabel",
            "language": "en",
            "value": "facets"
        }
    },
    {
        "model": "arches_controlled_lists.listitemvalue",
        "pk": "a2a3a498-cc60-43c9-a121-a779e87de896",
        "fields": {
            "list_item": "4810df79-8bdd-4102-a067-fdb11dcff8b7",
            "valuetype": "prefLabel",
            "language": "en",
            "value": "broader"
        }
    },
    {
        "model": "arches_controlled_lists.listitemvalue",
        "pk": "a8db0760-1038-4430-86ac-5e8ac8aab05d",
        "fields": {
            "list_item": "58695100-659c-48df-8c87-fa565dfef39e",
            "valuetype": "prefLabel",
            "language": "en",
            "value": "arabic"
        }
    },
    {
        "model": "arches_controlled_lists.listitemvalue",
        "pk": "b42e0e45-df8f-4744-bc3f-162c0f3181c8",
        "fields": {
            "list_item": "db222348-5dbc-4647-b649-52e0ae6df99a",
            "valuetype": "prefLabel",
            "language": "en",
            "value": "editorialNote"
        }
    },
    {
        "model": "arches_controlled_lists.listitemvalue",
        "pk": "b48df84c-a342-4f62-9f67-ef6b8fe32fac",
        "fields": {
            "list_item": "710a5dbf-c445-40bf-b431-cc7f6802be32",
            "valuetype": "prefLabel",
            "language": "en",
            "value": "hierarchy roots"
        }
    },
    {
        "model": "arches_controlled_lists.listitemvalue",
        "pk": "b4eb45e7-d65d-4318-84e2-478d6cce61d0",
        "fields": {
            "list_item": "ed044298-b4a1-4455-b11a-81561fbf2fd8",
            "valuetype": "prefLabel",
            "language": "en",
            "value": "closeMatch"
        }
    },
    {
        "model": "arches_controlled_lists.listitemvalue",
        "pk": "b96e0ba7-27d6-4b89-b415-482bfb5fca08",
        "fields": {
            "list_item": "774994db-54d3-4793-baa1-2810410be8d0",
            "valuetype": "prefLabel",
            "language": "en",
            "value": "architecture"
        }
    },
    {
        "model": "arches_controlled_lists.listitemvalue",
        "pk": "beb61aed-7f67-47c9-868e-555bdefdcdf3",
        "fields": {
            "list_item": "28855929-b8c5-43ae-8794-ab7497486345",
            "valuetype": "scopeNote",
            "language": "en",
            "value": "Chinese"
        }
    },
    {
        "model": "arches_controlled_lists.listitemvalue",
        "pk": "bf3355e3-7df7-4472-95f9-a95cebda1d65",
        "fields": {
            "list_item": "fd263a79-e808-49a0-a0da-b663978e4e68",
            "valuetype": "prefLabel",
            "language": "en",
            "value": "E58 Measurement Unit"
        }
    },
    {
        "model": "arches_controlled_lists.listitemvalue",
        "pk": "c71dd9f2-6576-4ff1-b9c0-423b11dab507",
        "fields": {
            "list_item": "45fab276-7818-4c83-8dd8-43e4e862904c",
            "valuetype": "prefLabel",
            "language": "en",
            "value": "guide terms"
        }
    },
    {
        "model": "arches_controlled_lists.listitemvalue",
        "pk": "c8e475b0-1a9a-4717-9a90-ef9fb14d73d6",
        "fields": {
            "list_item": "386b1c1a-a9b5-418c-b1d3-6aa518bb7cfb",
            "valuetype": "prefLabel",
            "language": "en",
            "value": "english"
        }
    },
    {
        "model": "arches_controlled_lists.listitemvalue",
        "pk": "c97e76de-1c94-4561-8ccc-278b1f6f321d",
        "fields": {
            "list_item": "5ca7196a-2e9a-449c-b6fe-8ed42f604cba",
            "valuetype": "prefLabel",
            "language": "en",
            "value": "relatedMatch"
        }
    },
    {
        "model": "arches_controlled_lists.listitemvalue",
        "pk": "ca16972b-bff5-46e9-a3aa-144ad1df75c5",
        "fields": {
            "list_item": "c047ea56-465a-479c-b85c-8de23766384a",
            "valuetype": "prefLabel",
            "language": "en",
            "value": "historic"
        }
    },
    {
        "model": "arches_controlled_lists.listitemvalue",
        "pk": "d3d468f7-64cc-488e-95d9-bc5e1b6a1d70",
        "fields": {
            "list_item": "6abe2747-f53f-40d9-857a-3c027ccf2f79",
            "valuetype": "prefLabel",
            "language": "en",
            "value": "E99 Product Type"
        }
    },
    {
        "model": "arches_controlled_lists.listitemvalue",
        "pk": "d48b5d0f-e758-45b1-94de-b8b3a5f52cbe",
        "fields": {
            "list_item": "36f1b686-c4ba-4c0e-b4f3-b8b190f3a88d",
            "valuetype": "prefLabel",
            "language": "en",
            "value": "E57 Material"
        }
    },
    {
        "model": "arches_controlled_lists.listitemvalue",
        "pk": "d66d0449-e870-4d86-b453-bfe083836226",
        "fields": {
            "list_item": "dd9186a8-a591-4f40-914c-1f476e60f552",
            "valuetype": "prefLabel",
            "language": "en",
            "value": "example"
        }
    },
    {
        "model": "arches_controlled_lists.listitemvalue",
        "pk": "d9e362ca-c155-4569-9197-5583dd66f7e5",
        "fields": {
            "list_item": "19376b93-4bdc-4d48-a22a-71121506b70b",
            "valuetype": "prefLabel",
            "language": "en",
            "value": "altLabel"
        }
    },
    {
        "model": "arches_controlled_lists.listitemvalue",
        "pk": "ddaae853-2d6f-4056-8ff9-63d2cdd0a032",
        "fields": {
            "list_item": "68792506-7b45-4008-9a12-15d63ea18f29",
            "valuetype": "prefLabel",
            "language": "en",
            "value": "relatedMatch"
        }
    },
    {
        "model": "arches_controlled_lists.listitemvalue",
        "pk": "de978fd0-2819-4855-8858-8c089780f32c",
        "fields": {
            "list_item": "845cc417-ef77-4582-9271-ffba5e4cabc9",
            "valuetype": "prefLabel",
            "language": "en",
            "value": "en"
        }
    },
    {
        "model": "arches_controlled_lists.listitemvalue",
        "pk": "deab57d2-7975-4081-b497-629ad5ef262f",
        "fields": {
            "list_item": "a6795899-3874-420e-bb8e-7f7bf87b66eb",
            "valuetype": "prefLabel",
            "language": "en",
            "value": "french"
        }
    },
    {
        "model": "arches_controlled_lists.listitemvalue",
        "pk": "e75e97da-48ac-4b34-b088-0395437c1c89",
        "fields": {
            "list_item": "bffe467f-5d22-4b3c-a6c7-9766165271b3",
            "valuetype": "prefLabel",
            "language": "en",
            "value": "E56 Language"
        }
    },
    {
        "model": "arches_controlled_lists.listitemvalue",
        "pk": "e77aa058-8cbf-4c41-bc03-ede1cebb5ce0",
        "fields": {
            "list_item": "926aa6de-a7e6-4959-9fc4-5ea87c46d677",
            "valuetype": "prefLabel",
            "language": "en",
            "value": "versions"
        }
    },
    {
        "model": "arches_controlled_lists.listitemvalue",
        "pk": "ea5c8af7-9933-4356-b537-0330c9da4690",
        "fields": {
            "list_item": "d8ba08f9-b265-4288-9412-857c77fe2581",
            "valuetype": "prefLabel",
            "language": "en",
            "value": "identifier"
        }
    },
    {
        "model": "arches_controlled_lists.listitemvalue",
        "pk": "f8abdf58-1a22-43e1-86d9-d30a1d1466fb",
        "fields": {
            "list_item": "7b873aed-1dbd-45e4-98e7-85143ee453c6",
            "valuetype": "prefLabel",
            "language": "en",
            "value": "informational status"
        }
    },
    {
        "model": "arches_controlled_lists.listitemvalue",
        "pk": "fa0828ba-06f2-4877-9a47-808cee685a52",
        "fields": {
            "list_item": "d98bfcab-fa26-4c8b-992d-a56eb7bbbaa2",
            "valuetype": "prefLabel",
            "language": "en",
            "value": "uniform resource identifiers"
        }
    },
    {
        "model": "arches_controlled_lists.listitemvalue",
        "pk": "fc487961-bb68-4aa5-b839-24e22b317220",
        "fields": {
            "list_item": "e69de7f4-a03b-4806-95bd-e83041fa5440",
            "valuetype": "prefLabel",
            "language": "en",
            "value": "fr"
        }
    },
    {
        "model": "arches_controlled_lists.listitemvalue",
        "pk": "fdc26cd0-fa8f-4504-90e9-07a823472671",
        "fields": {
            "list_item": "9baf3cd5-33d4-4fbc-b1d1-a2d218732f1e",
            "valuetype": "prefLabel",
            "language": "en",
            "value": "identifier"
        }
    },
    {
        "model": "arches_controlled_lists.listitemvalue",
        "pk": "ff0fe4ac-6828-4d9b-92fc-59a208cd1e80",
        "fields": {
            "list_item": "d1012561-bd8f-4498-b7b1-fea78cb73afa",
            "valuetype": "prefLabel",
            "language": "en",
            "value": "terms (controlled vocabulary)"
        }
    }
]